domain,type_slug,label,schema_fields,max_pages_processed,free_plan_page_cap,paid_page_cap
ap_ar,credit_note,Credit Note,11,50,1,50 (no plan cap)
ap_ar,debit_note,Debit Note,9,50,1,50 (no plan cap)
ap_ar,invoice,Invoice,14,50,1,50 (no plan cap)
ap_ar,proforma_invoice,Proforma Invoice,11,50,1,50 (no plan cap)
ap_ar,purchase_order,Purchase Order,14,50,1,50 (no plan cap)
ap_ar,quotation,Quotation Document,4,50,1,50 (no plan cap)
ap_ar,receipt,Receipt,9,50,1,50 (no plan cap)
ap_ar,remittance_advice,Remittance Advice,12,50,1,50 (no plan cap)
ap_ar,revenue_invoice,Revenue Invoice,8,50,1,50 (no plan cap)
ap_ar,subscription_invoice,Subscription Invoice,11,50,1,50 (no plan cap)
banking,aml_report,Anti-Money Laundering Report,5,50,1,50 (no plan cap)
banking,bank_statement,Bank Statement,9,50,1,50 (no plan cap)
banking,cheque,Cheque,12,50,1,50 (no plan cap)
banking,credit_card_statement,Credit Card Statement,11,50,1,50 (no plan cap)
banking,iban_letter,IBAN Letter,13,50,1,50 (no plan cap)
banking,letter_of_credit,Letter of Credit,10,50,1,50 (no plan cap)
banking,loan_agreement,Loan Agreement,7,50,1,50 (no plan cap)
banking,standing_instruction,Standing Instruction Document,15,50,1,50 (no plan cap)
banking,statement_of_account,Statement of Account,9,50,1,50 (no plan cap)
banking,wire_transfer_confirmation,Wire Transfer Confirmation,15,50,1,50 (no plan cap)
corporate,annual_report,Annual Report,5,50,1,50 (no plan cap)
corporate,articles_of_association,Articles of Association Document,7,50,1,50 (no plan cap)
corporate,audit_report,Audit Report,10,50,1,50 (no plan cap)
corporate,beneficial_ownership,Beneficial Ownership Declaration,5,50,1,50 (no plan cap)
corporate,board_resolution,Board Resolution Document,5,50,1,50 (no plan cap)
corporate,business_registration,Business Registration Document,11,50,1,50 (no plan cap)
corporate,certificate_of_incorporation,Certificate of Incorporation,6,50,1,50 (no plan cap)
corporate,grant_proposal,Grant Proposal,5,50,1,50 (no plan cap)
corporate,marketing_material,Marketing Material for Event Platform,9,50,1,50 (no plan cap)
corporate,shareholder_agreement,Shareholder Agreement,4,50,1,50 (no plan cap)
education,academic_transcript,Academic Transcript,9,50,1,50 (no plan cap)
education,astrology_report,Astrology Report,18,50,1,50 (no plan cap)
education,conference_paper,Conference Paper,2,50,1,50 (no plan cap)
education,degree_certificate,Degree Certificate,11,50,1,50 (no plan cap)
education,research_paper,Research Paper,13,50,1,50 (no plan cap)
education,syllabus,Academic Course Syllabus,4,50,1,50 (no plan cap)
education,thesis,Academic Thesis,12,50,1,50 (no plan cap)
education,training_certificate,Training Certificate,11,50,1,50 (no plan cap)
general,bill_of_materials,Bill of Materials,6,50,1,50 (no plan cap)
general,form_1099,Form 1099,15,50,1,50 (no plan cap)
general,reminder_note,Reminder Note,9,50,1,50 (no plan cap)
general,safety_data_sheet,Safety Data Sheet,4,50,1,50 (no plan cap)
identity,birth_certificate,Birth Certificate,12,50,1,50 (no plan cap)
identity,driver_license,Driver's License,12,50,1,50 (no plan cap)
identity,national_id,National ID Card,13,50,1,50 (no plan cap)
identity,passport,Passport,15,50,1,50 (no plan cap)
identity,residence_permit,Residence Permit,11,50,1,50 (no plan cap)
identity,resume,Resume,12,50,1,50 (no plan cap)
identity,social_security_card,Social Security Card,5,50,1,50 (no plan cap)
identity,voter_id,Voter Identification Document,8,50,1,50 (no plan cap)
insurance,actuarial_report,Actuarial Report,15,50,1,50 (no plan cap)
insurance,cover_note,Cover Note,8,50,1,50 (no plan cap)
insurance,explanation_of_benefits,Explanation of Benefits,11,50,1,50 (no plan cap)
insurance,insurance_certificate,Insurance Certificate,9,50,1,50 (no plan cap)
insurance,insurance_claim,Insurance Claim,14,50,1,50 (no plan cap)
insurance,insurance_policy,Insurance Policy,10,50,1,50 (no plan cap)
insurance,travel_insurance,Travel Insurance Document,5,50,1,50 (no plan cap)
investments,brokerage_statement,Brokerage Statement,9,50,1,50 (no plan cap)
investments,capital_gains_statement,Capital Gains Statement,7,50,1,50 (no plan cap)
investments,crypto_transaction,Crypto Transaction,13,50,1,50 (no plan cap)
investments,financial_report,Financial Report,11,50,1,50 (no plan cap)
investments,investment_statement,Investment Statement,8,50,1,50 (no plan cap)
legal,affidavit,Affidavit Document,4,50,1,50 (no plan cap)
legal,contract,Contract Document,5,50,1,50 (no plan cap)
legal,court_filing,Court Filing Document,6,50,1,50 (no plan cap)
legal,marriage_certificate,Marriage Certificate,10,50,1,50 (no plan cap)
legal,mou,Memorandum of Understanding,5,50,1,50 (no plan cap)
legal,nda,Non-Disclosure Agreement,4,50,1,50 (no plan cap)
legal,patent,Patent Document,5,50,1,50 (no plan cap)
legal,power_of_attorney,Power of Attorney Document,6,50,1,50 (no plan cap)
legal,tax_return,Tax Return,7,50,1,50 (no plan cap)
legal,terms_of_service,Terms of Service Document,12,50,1,50 (no plan cap)
legal,will,Last Will and Testament,5,50,1,50 (no plan cap)
legal,work_permit,Work Permit,14,50,1,50 (no plan cap)
logistics,air_waybill,Air Waybill,6,50,1,50 (no plan cap)
logistics,bill_of_lading,Bill of Lading,15,50,1,50 (no plan cap)
logistics,car_rental_agreement,Car Rental Agreement,4,50,1,50 (no plan cap)
logistics,certificate_of_origin,Certificate of Origin,8,50,1,50 (no plan cap)
logistics,commercial_invoice,Commercial Invoice,13,50,1,50 (no plan cap)
logistics,customs_declaration,Customs Declaration,5,50,1,50 (no plan cap)
logistics,delivery_note,Delivery Note,6,50,1,50 (no plan cap)
logistics,import_license,Import License,10,50,1,50 (no plan cap)
logistics,packing_list,Packing List,10,50,1,50 (no plan cap)
logistics,packing_slip,Packing Slip,7,50,1,50 (no plan cap)
logistics,shipping_manifest,Shipping Manifest,13,50,1,50 (no plan cap)
medical,clinical_trial_document,Clinical Trial Document,15,50,1,50 (no plan cap)
medical,discharge_summary,Discharge Summary,10,50,1,50 (no plan cap)
medical,lab_report,Medical Lab Report,7,50,1,50 (no plan cap)
medical,medical_bill,Medical Bill,8,50,1,50 (no plan cap)
medical,medical_report,Medical Report,6,50,1,50 (no plan cap)
medical,patient_intake,Patient Intake Form,10,50,1,50 (no plan cap)
medical,prescription,Prescription,6,50,1,50 (no plan cap)
medical,radiology_report,Radiology Report,14,50,1,50 (no plan cap)
medical,referral_letter,Referral Letter,6,50,1,50 (no plan cap)
medical,test_report,Test Report,8,50,1,50 (no plan cap)
medical,vaccination_record,Vaccination Record,4,50,1,50 (no plan cap)
payroll_hr,benefits_enrollment,Benefits Enrollment,6,50,1,50 (no plan cap)
payroll_hr,employment_contract,Employment Contract,8,50,1,50 (no plan cap)
payroll_hr,employment_verification,Employment Verification,11,50,1,50 (no plan cap)
payroll_hr,form_16,Form 16 - Tax Certificate,7,50,1,50 (no plan cap)
payroll_hr,i9_form,I-9 Employment Eligibility Verification Form,18,50,1,50 (no plan cap)
payroll_hr,offer_letter,Job Offer Letter,7,50,1,50 (no plan cap)
payroll_hr,p60,P60 End of Year Certificate,12,50,1,50 (no plan cap)
payroll_hr,payslip,Payslip,7,50,1,50 (no plan cap)
payroll_hr,performance_review,Employee Performance Review,9,50,1,50 (no plan cap)
payroll_hr,timesheet,Employee Timesheet,9,50,1,50 (no plan cap)
payroll_hr,w2,W-2 Tax Form,16,50,1,50 (no plan cap)
real_estate,appraisal_report,Appraisal Report,10,50,1,50 (no plan cap)
real_estate,deed_of_conveyance,Deed of Conveyance,10,50,1,50 (no plan cap)
real_estate,hoa_document,HOA Document,6,50,1,50 (no plan cap)
real_estate,home_inspection_report,Home Inspection Report,7,50,1,50 (no plan cap)
real_estate,lease_agreement,Lease Agreement,16,50,1,50 (no plan cap)
real_estate,mortgage_statement,Mortgage Statement,18,50,1,50 (no plan cap)
real_estate,property_deed,Property Deed,10,50,1,50 (no plan cap)
real_estate,property_tax_bill,Property Tax Bill,7,50,1,50 (no plan cap)
real_estate,rental_agreement,Rental Agreement,14,50,1,50 (no plan cap)
real_estate,title_report,Title Report,5,50,1,50 (no plan cap)
technical,calibration_certificate,Calibration Certificate,8,50,1,50 (no plan cap)
technical,datasheet,Product Datasheet,16,50,1,50 (no plan cap)
technical,engineering_drawing,Engineering Drawing,8,50,1,50 (no plan cap)
technical,technical_specification,Technical Specification,9,50,1,50 (no plan cap)
travel,boarding_pass,Boarding Pass,10,50,1,50 (no plan cap)
travel,event_ticket,Event Ticket,11,50,1,50 (no plan cap)
travel,hotel_reservation,Hotel Reservation,12,50,1,50 (no plan cap)
travel,itinerary,Travel Itinerary,8,50,1,50 (no plan cap)
travel,visa,Visa Document,15,50,1,50 (no plan cap)
utilities,internet_bill,Internet Bill,10,50,1,50 (no plan cap)
utilities,phone_bill,Phone Bill,9,50,1,50 (no plan cap)
utilities,utility_bill,Utility Bill,12,50,1,50 (no plan cap)
